date,title,comment
2025-05-18T19:20:59Z,Valley police departments launch &#39;Click It or Ticket&#39; campaign to enforce seat belt use,"It's a secondary offense in Arizona, just looking for another way to violate your rights!"
2025-05-18T19:20:59Z,Valley police departments launch &#39;Click It or Ticket&#39; campaign to enforce seat belt use,Another scam....12 feet .... remember ğŸ˜®ğŸ˜®ğŸ˜®ğŸ˜®
2025-05-18T19:20:59Z,Valley police departments launch &#39;Click It or Ticket&#39; campaign to enforce seat belt use,"Seat belt laws for front-seat passengers are grounded in decades of data showing that belts significantly reduce fatalities and injuries in crashes. The National Highway Traffic Safety Administration (NHTSA) reports seat belts reduce the risk of fatal injury by about 45-60% for front-seat occupants. Most U.S. states mandate seat belts for front-seat passengers (and often all passengers) because vehicles are designed with restraint systems for those seats, and the laws reflect that infrastructure.
Now, riding in the bed of a pickup truck is a different story. Thereâ€™s no built-in restraint system in a truck bedâ€”no seat belts, no airbags, nothing. Youâ€™re essentially cargo back there, exposed to ejection, impact, or road debris. The NHTSA notes that passengers in truck beds face a much higher risk of injury or death in a crash, with ejection being a leading cause. Despite this, regulations on truck bed passengers are surprisingly lax in many places. As of my last data, about 20 U.S. states still allow passengers in truck beds without restrictions, often due to historical or cultural practices (e.g., rural areas, farm work). Other states limit it by age, speed, or distance, but enforcement is spotty"
2025-05-18T19:20:59Z,Valley police departments launch &#39;Click It or Ticket&#39; campaign to enforce seat belt use,Scum bags looking to go fishing and generate revenue.
2025-05-18T19:20:59Z,Valley police departments launch &#39;Click It or Ticket&#39; campaign to enforce seat belt use,"Thatâ€™s because all the other states are sending there shitty drivers here, lowering there accidents and raising ours."
2025-05-18T19:20:59Z,Valley police departments launch &#39;Click It or Ticket&#39; campaign to enforce seat belt use,Bs
2025-05-18T19:20:59Z,Valley police departments launch &#39;Click It or Ticket&#39; campaign to enforce seat belt use,Theyâ€™re decreasing nationally because everyone is moving to Arizona increasing fatalities do to more non Arizonans not knowing how to drive on dry flat straight surfaces.
2025-05-18T19:20:59Z,Valley police departments launch &#39;Click It or Ticket&#39; campaign to enforce seat belt use,Goodyear needs money and it will get it no matter what .... they will profile anyone to get that revenue
2025-05-18T19:20:59Z,Valley police departments launch &#39;Click It or Ticket&#39; campaign to enforce seat belt use,Oh cool! A new way to get harassed by police
2025-05-18T19:20:59Z,Valley police departments launch &#39;Click It or Ticket&#39; campaign to enforce seat belt use,Getting stopped by police for a violation is not harassment.
2025-05-18T19:20:59Z,Valley police departments launch &#39;Click It or Ticket&#39; campaign to enforce seat belt use,"@@tjmayer9103 know the law before you run your mouth. 

â€œIn Phoenix and across Arizona, police cannot pull over a vehicle solely for a seatbelt violation. Arizona is a secondary enforcement state for seatbelts, meaning a police officer must have reasonable cause to believe another traffic violation has occurred before they can stop a car for not wearing a seatbelt.â€"
2025-05-18T19:20:59Z,Valley police departments launch &#39;Click It or Ticket&#39; campaign to enforce seat belt use,"â€‹â€‹â€‹â€‹â€‹@kaydee9783 I know the law. I just made a true, factual, and general statement. Remember genius ... driving is a privilege, not a right ! If you don't like Az traffic laws, stay in your basement."
2025-05-18T19:20:59Z,Valley police departments launch &#39;Click It or Ticket&#39; campaign to enforce seat belt use,"J'ai essayÃ© d'impressionner mon partenaire avec une danse sexy. J'ai fini par renverser une lampe et donner accidentellement un coup de pied au chat. Des mouvements fluides, en effetğŸ’–"
2025-05-18T18:53:02Z,Made in America: Small business products at big retailers may save Smart Shoppers money,â¤ ğŸ‡ºğŸ‡¸ ğŸ‘
2025-05-18T18:53:02Z,Made in America: Small business products at big retailers may save Smart Shoppers money,Stores don't price products based on costs but on what the market will bear.
2025-05-18T18:53:02Z,Made in America: Small business products at big retailers may save Smart Shoppers money,45 years ago we had MANY farms here.
2025-05-18T18:53:02Z,Made in America: Small business products at big retailers may save Smart Shoppers money,Can I use my food stamps to buy that stuffğŸ˜‚ğŸ˜‚ğŸ˜‚ğŸ˜‚ğŸ˜‚ America sucks ğŸ˜‚ğŸ˜‚ğŸ˜‚
2025-05-18T18:53:02Z,Made in America: Small business products at big retailers may save Smart Shoppers money,God Bless The USA ğŸ‡ºğŸ‡¸
2025-05-18T18:53:02Z,Made in America: Small business products at big retailers may save Smart Shoppers money,"Vous savez que vous Ãªtes dans une relation sÃ©rieuse quand ""Netflix and Chill"" signifie en fait regarder Netflix et se dÃ©tendreğŸ’š"
2025-05-18T18:03:53Z,Air quality concerns due to the Greer Fire,"Si toutes les vidÃ©os YouTube Ã©taient comme Ã§a, je n'Ã©teindrais jamais mon ordinateurğŸ˜š"
2025-05-18T14:38:01Z,Dangerous fire conditions as temperatures cool off on Sunday,"Dangerous heat?
It's the desert ğŸœ ....
Stop with the spraying of chemicals in the clouds. 
This wind is not natural.
I am not happy I moved to Arizona...."
2025-05-18T14:35:02Z,"ABC15 Arizona in Phoenix Latest Headlines | May 18, 7am",Love animals but people first.
2025-05-18T05:34:48Z,Valley immigration advocates hope first American pope will bring change to immigration issues,hes a turd that wont do sht
2025-05-18T05:34:48Z,Valley immigration advocates hope first American pope will bring change to immigration issues,This pope is just a pupet like all popes they act like they want to help but they only help them selfs there worth billions an do nothing to help except them selfs that just sicken an sad
2025-05-18T05:34:48Z,Valley immigration advocates hope first American pope will bring change to immigration issues,This is all just a scam by you guys because clearly you don't have anything else to write about the pope selection and inauguration has to do with the Catholic religion and nothing more. The Catholic Church has always been about helping the poor and the marginalized it's been going on for years thousands of years you guys are not as left us don't have any business using that as your crutch that's all I have to say.
2025-05-18T05:34:48Z,Valley immigration advocates hope first American pope will bring change to immigration issues,"Yeah, close the border and no more illegals."
2025-05-18T05:34:48Z,Valley immigration advocates hope first American pope will bring change to immigration issues,No change. Self deport or we will find you.
2025-05-18T05:34:48Z,Valley immigration advocates hope first American pope will bring change to immigration issues,the gop are the enemy and your god is imaginary
2025-05-18T05:34:48Z,Valley immigration advocates hope first American pope will bring change to immigration issues,Tells you right there it's about politics and not serving God.
2025-05-18T05:34:48Z,Valley immigration advocates hope first American pope will bring change to immigration issues,Conseil pour les rencontres : ne faites jamais confiance Ã  un homme qui n'apprÃ©cie pas les joies d'un lit bien faitğŸ˜»
2025-05-18T05:29:55Z,Winds and poor air quality continue to pose challenges in Greer Fire,ğŸ™ğŸ¼ğŸ™ğŸ¼ğŸ™ğŸ¼
2025-05-18T05:29:55Z,Winds and poor air quality continue to pose challenges in Greer Fire,This may be a sample of what our Fire Season may look like later this year?
2025-05-18T04:47:58Z,Dangerous fire conditions as temperatures cool off on Sunday,Stop the fire starters.. !! No more starting fires plze!!
2025-05-18T04:47:58Z,Dangerous fire conditions as temperatures cool off on Sunday,J'ai essayÃ© d'expliquer au gars pourquoi je riais si fort et nous avons fini par rire seulsğŸ˜˜
2025-05-18T04:45:11Z,"ABC15 Arizona in Phoenix Latest Headlines | May 17, 9pm","Remember kids: always remember to wear a life jacket!

Also first"
2025-05-17T18:30:27Z,Arizona State researcher conducts &#39;me-search&#39; on autism with national impact,Amen ğŸ™ğŸ¼
2025-05-17T18:30:27Z,Arizona State researcher conducts &#39;me-search&#39; on autism with national impact,Thank you for your work.
2025-05-17T18:30:27Z,Arizona State researcher conducts &#39;me-search&#39; on autism with national impact,J'ai regardÃ© cette vidÃ©o pour me remonter le moral et maintenant je ne peux plus m'arrÃªter. Le rire est le meilleur des remÃ¨des ğŸ’‹
2025-05-17T17:15:52Z,Arizona Governor Katie Hobbs tours Greer Fire Saturday,"Hey Siri , When is the next governorâ€™s race in Arizona? November 3, 2026ğŸ˜”ğŸ‘"
2025-05-17T17:15:52Z,Arizona Governor Katie Hobbs tours Greer Fire Saturday,Katie was completely clueless and damn near brain dead in this entire interaction
2025-05-17T17:15:52Z,Arizona Governor Katie Hobbs tours Greer Fire Saturday,It would have been nice to see the map and not just the Governor during this update.
2025-05-17T17:15:52Z,Arizona Governor Katie Hobbs tours Greer Fire Saturday,We need more forest roads in those areas!
2025-05-17T17:15:52Z,Arizona Governor Katie Hobbs tours Greer Fire Saturday,"Hobbs  asking her for funding. Hasnt she ruined funding n the first place. First time ,ive heard them right up front talking about money.  Shes a dang fraud and abuses power and doesnt use money properly."
2025-05-17T17:15:52Z,Arizona Governor Katie Hobbs tours Greer Fire Saturday,EXACTLY.
2025-05-17T17:15:52Z,Arizona Governor Katie Hobbs tours Greer Fire Saturday,"Sorry for the snippy criticizm but also, camera man, it would've been nice to see the Map and Info. instead of looking at Katie's face...sigh...."
2025-05-17T17:15:52Z,Arizona Governor Katie Hobbs tours Greer Fire Saturday,Katie couldn't punch her way out of a paper bag. And the photo op baseball cap and pony tail like she's going to grab a shovel and help...sad.
2025-05-17T17:15:52Z,Arizona Governor Katie Hobbs tours Greer Fire Saturday,Katie Hobbs is utterly worthless
2025-05-17T17:15:52Z,Arizona Governor Katie Hobbs tours Greer Fire Saturday,We are at the point that every one in Arizona want the FBI too look into what exactly happened in Maricopa 2022 elections..
2025-05-17T17:15:52Z,Arizona Governor Katie Hobbs tours Greer Fire Saturday,@@Youtuber-xs9cp EXACTLY
2025-05-17T17:15:52Z,Arizona Governor Katie Hobbs tours Greer Fire Saturday,She is trying to do anything to distract from the fact her election might be under investigation
2025-05-17T17:15:52Z,Arizona Governor Katie Hobbs tours Greer Fire Saturday,We all know she didnt win.  she was in charge of the elections at the time.....WE ALL KNOW
2025-05-17T15:54:57Z,MOST ACCURATE FORECAST: Strong wind gusts expected across Arizona,NO not ready for the 100+
2025-05-17T15:54:57Z,MOST ACCURATE FORECAST: Strong wind gusts expected across Arizona,"Arizona needs to stop the surrounding states 
From
Spraying chemicals .
Every time they do this climate change agenda, we get heavy winds.
Right now, we have strong winds.
They have been spraying XXX, long trails, and multiple planes in the clouds for over 24 hrs.
STOP NOW."
2025-05-17T05:26:52Z,Family emergency shelter in Mesa being turned into affordable housing units,Help for society's single broodmares but not for responsible women who dont prioritize recreational procreation as a means to an end..thanks for nothing while simultaneously rewarding the ones who lay on their backs rather than the ones that will pull their weight..this is such a trashy society
2025-05-17T05:26:52Z,Family emergency shelter in Mesa being turned into affordable housing units,Tax payers shouldn't pay for drug addicted variants that refuse to pay their own way!
2025-05-17T05:26:52Z,Family emergency shelter in Mesa being turned into affordable housing units,Trump gotta get him out in 4 years or sooner
2025-05-17T05:26:52Z,Family emergency shelter in Mesa being turned into affordable housing units,Donâ€™t be sell outs and sell to investors.
2025-05-17T05:26:52Z,Family emergency shelter in Mesa being turned into affordable housing units,"Sortir avec un trentenaire, c'est comme essayer de trouver une place de parking Ã  Costco un samedi aprÃ¨s-midiğŸ’"
2025-05-17T05:17:53Z,Family of Glendale brothers killed while sleeping pushes for justice,...and in a related matter there is still no arrest made in the drowning murder of little Cal suspects ninja bill and sickie still at large ğŸ¤ 
2025-05-17T05:17:53Z,Family of Glendale brothers killed while sleeping pushes for justice,A double murder with no info?? gang related. West Phoenix police will do nothing. hire your own investigator
2025-05-17T05:17:53Z,Family of Glendale brothers killed while sleeping pushes for justice,He's hispanic he is definitely no loss to society
2025-05-17T05:17:53Z,Family of Glendale brothers killed while sleeping pushes for justice,Your Maryland governor sucks !!
2025-05-17T05:17:53Z,Family of Glendale brothers killed while sleeping pushes for justice,Itâ€™s in Glendale Az not Maryland
2025-05-17T05:17:53Z,Family of Glendale brothers killed while sleeping pushes for justice,@@democracy480democrat ran ğŸ’© holes !!
2025-05-17T05:17:53Z,Family of Glendale brothers killed while sleeping pushes for justice,My little brother lost his Life because a Cowered Man shot him from the back and police havenâ€™t done anything to catch him. Good luck hope your voice gets heard soon ğŸ”œ donâ€™t let police ğŸ‘®â€â™€ï¸ stop ğŸ›‘ looking for the killer ğŸ˜”
2025-05-17T05:17:53Z,Family of Glendale brothers killed while sleeping pushes for justice,Sure blame police for the fact there are no leads. Smh
2025-05-17T05:17:53Z,Family of Glendale brothers killed while sleeping pushes for justice,Something be sketch!
2025-05-17T05:17:53Z,Family of Glendale brothers killed while sleeping pushes for justice,Much prayers ğŸ™
2025-05-17T05:17:53Z,Family of Glendale brothers killed while sleeping pushes for justice,Clearly they were involved in some shyt.
2025-05-17T05:17:53Z,Family of Glendale brothers killed while sleeping pushes for justice,"Sure. Clearly, you donâ€™t know what youâ€™re talking about."
2025-05-17T05:17:53Z,Family of Glendale brothers killed while sleeping pushes for justice,â€‹@@centralscrutinizer7374and you do? Maybe you should contact homicide
2025-05-17T05:17:53Z,Family of Glendale brothers killed while sleeping pushes for justice,Two brothers with seven kids and not $1 of child support paid. We don't know nossing!
2025-05-17T05:17:53Z,Family of Glendale brothers killed while sleeping pushes for justice,"So, not worthy of living?"
2025-05-17T05:17:53Z,Family of Glendale brothers killed while sleeping pushes for justice,"Ma vie amoureuse est comme des montagnes russes : palpitante, parfois terrifiante, et toujours en quÃªte d'une pause casse-croÃ»teğŸ˜š"
2025-05-17T05:18:51Z,Man sentenced to life in prison for 2022 murders of two teenage girls in Casa Grande,oh well
2025-05-17T05:18:51Z,Man sentenced to life in prison for 2022 murders of two teenage girls in Casa Grande,A case of the ooga booga's.
2025-05-17T05:16:09Z,"Still no containment on the Greer Fire as it grows to 12,000 acres",Get a Skis steer With a Mascher or Bruch Hog  Go Around & Clean All Run The Buildings After That Keep Up With a Lawn More  You Can Do This around The Whole Town These Skidsteers Cover a Lot Of Ground Fast Wouldnt Cost Much Then Your set Prays are For 17 Fire Fighters That Lost Their Lives At Flagstaff A Fews Back  [ BAD WAY TO GO ] 10-4
2025-05-17T05:16:09Z,"Still no containment on the Greer Fire as it grows to 12,000 acres",I just pray that none of these fires spread to the reservation.
2025-05-17T05:16:09Z,"Still no containment on the Greer Fire as it grows to 12,000 acres",â¤ thank you boys
2025-05-17T05:16:09Z,"Still no containment on the Greer Fire as it grows to 12,000 acres",Thanksâ¤
2025-05-17T05:16:09Z,"Still no containment on the Greer Fire as it grows to 12,000 acres","USDA/US FOREST SERVICE OWNS THESE FIRES.. THEY DONT PREPARE ENOUGH..CUTTING AND DOZING FIRE LINES NOW FOR INSTANCE IS WOEFULLY MONTHS IF NOT YRS TO LITTLE TO,LATEâ€¦EQUIPMENT/PERSONNEL ON STANDBY ETCâ€¦NO EXCUSES.. WE DEMAND MUCH OUT OF OTHER  AGENCIES"
2025-05-17T05:16:09Z,"Still no containment on the Greer Fire as it grows to 12,000 acres","Hey Arizona, 15 why arenâ€™t you talking about the Graham County fire? Youâ€™re only talking about one fire"
2025-05-17T05:16:09Z,"Still no containment on the Greer Fire as it grows to 12,000 acres",Amazing how these fires never get under control. Democrats should be screaming like baby birds over this.
2025-05-17T05:16:09Z,"Still no containment on the Greer Fire as it grows to 12,000 acres",Lots of prayers for everyone involved.  Stay safe and thank you firefighters!
2025-05-17T04:13:49Z,2025 Spring Arizona Restaurant Week: More than 200 restaurants participating in the culinary affair,20+20+10= 30 bucks ğŸ¤£ğŸ¤£ğŸ¤£
2025-05-17T04:13:49Z,2025 Spring Arizona Restaurant Week: More than 200 restaurants participating in the culinary affair,"Cette vidÃ©o m'a fait oublier toutes les affaires. Maintenant, j'ai un nouvel objectif : trouver d'autres chefs-d'Å“uvre comme celui-ciğŸ˜˜"
2025-05-17T03:33:07Z,Fire officials provide Friday night update on Greer Fire,Dude knows his sh*tğŸ‘
2025-05-17T03:33:07Z,Fire officials provide Friday night update on Greer Fire,They fight more red tape than the fires lol
2025-05-17T03:33:07Z,Fire officials provide Friday night update on Greer Fire,UDSA / US FOREST SERVICE OWNS THIS FIREâ€¦TIME TO PREVENT THIS..DOZING FIRE LINES WAS DECADES AGO.. NOT NOWâ€¦
2025-05-17T03:33:07Z,Fire officials provide Friday night update on Greer Fire,ğŸ™ğŸ™ğŸ™ğŸ™ im an hour east .... we are all ğŸ‘ğŸ‘
2025-05-17T03:33:07Z,Fire officials provide Friday night update on Greer Fire,Thank you
2025-05-17T03:33:07Z,Fire officials provide Friday night update on Greer Fire,Be safe. Praying for everyone involved.
2025-05-17T03:33:07Z,Fire officials provide Friday night update on Greer Fire,Thoughts and prayers for all in the community.  Thank you for such a clear and concise update.  Great work by all who are serving in the community and the Fire official communicating this message.
2025-05-17T03:33:07Z,Fire officials provide Friday night update on Greer Fire,"Ma tentative de dÃ®ner romantique s'est soldÃ©e par la commande d'un plat Ã  emporter parce que j'ai accidentellement dÃ©clenchÃ© le dÃ©tecteur de fumÃ©e en essayant d'impressionner par mes talents culinaires. La prochaine fois, ce sera un repas Ã  emporter aux chandellesğŸ’"
2025-05-17T02:02:57Z,ABC15&#39;s Katie Raml anchors her final newscast before retirement,"03:32 
For Over 2 Decades, Katie Rami is Signing OFF at ABC15 Arizona.
We Love You, Katie."
2025-05-17T02:02:57Z,ABC15&#39;s Katie Raml anchors her final newscast before retirement,ğŸ™ğŸ’•
2025-05-17T02:02:57Z,ABC15&#39;s Katie Raml anchors her final newscast before retirement,"I REMEMBER  WHEN YOU FIRST CAME TO ABC 15 gonna miss watching you ,you were a pleasure to watch every night, it was a blessing to have you. take care"
2025-05-17T02:02:57Z,ABC15&#39;s Katie Raml anchors her final newscast before retirement,You are a shining star in this world Katie. Keep smiling ğŸ˜ƒ
2025-05-17T02:02:57Z,ABC15&#39;s Katie Raml anchors her final newscast before retirement,Thank you so much! We will all missed you on TV
2025-05-17T02:02:57Z,ABC15&#39;s Katie Raml anchors her final newscast before retirement,"""Please choose stay informed."""
2025-05-17T02:02:57Z,ABC15&#39;s Katie Raml anchors her final newscast before retirement,"Thank you Ms. K.R., for your dedication, sincerity and loyalty - to news, state & nation, and in everyday life.  
May the bounty of blessings, beauty and overall betterment continue ğŸŒ·ğŸ¥‡ğŸ"
2025-05-17T02:02:57Z,ABC15&#39;s Katie Raml anchors her final newscast before retirement,May god continue to watch over you on this your next big journey. Iâ€™ll miss seeing your smiling face.. take care â¤ğŸ˜¢
2025-05-17T02:02:57Z,ABC15&#39;s Katie Raml anchors her final newscast before retirement,Iâ€™m sad youâ€™re leaving and will miss you! Thank you for all the years of work during your tenure with ABC 15. Be happy! ğŸ¤—
2025-05-17T02:02:57Z,ABC15&#39;s Katie Raml anchors her final newscast before retirement,"""Please choose to stay informed."" = Follow everything the leftist Democrats say"
2025-05-17T02:02:57Z,ABC15&#39;s Katie Raml anchors her final newscast before retirement,Good night Katie I'm remembering about the end of knxv ABC 15 analog transmission during jimmy Kimmel.
2025-05-17T02:02:57Z,ABC15&#39;s Katie Raml anchors her final newscast before retirement,Love you my dear friend â¤ xoxo Charlotte & Mathias
2025-05-17T02:02:57Z,ABC15&#39;s Katie Raml anchors her final newscast before retirement,ğŸ§¡ğŸ§¡ğŸ§¡ğŸ§¡ğŸ§¡ğŸ§¡ğŸ§¡ğŸ§¡many blessings on your future
2025-05-17T02:02:57Z,ABC15&#39;s Katie Raml anchors her final newscast before retirement,J'ai tentÃ© de sÃ©duire mon petit ami avec un poÃ¨me d'amour. Il a fini par me demander si je citais Shakespeare ou si j'essayais d'Ã©crire le prochain grand roman d'amour. Je crois que je vais m'en tenir Ã  la proseğŸ’‹
2025-05-17T01:15:56Z,Inside the numbers: A look at the legacy of Katie Raml,Conseil pour les sextos : les emojis sont l'Ã©quivalent moderne du flirt avec les peintures rupestresğŸ’‹
2025-05-17T01:13:58Z,Some Greer Fire evacuees are being sheltered at Lyman Lake State Park,J'en suis Ã  l'Ã¢ge oÃ¹ mon idÃ©e d'une nuit endiablÃ©e consiste Ã  faire une sieste sans rÃ©veilğŸ§¡
2025-05-17T01:05:51Z,Apache County Fairgrounds host more than 200 animals evacuated from Greer Fire,praying for all the beautiful creatures
2025-05-17T01:05:51Z,Apache County Fairgrounds host more than 200 animals evacuated from Greer Fire,"AprÃ¨s cette vidÃ©o, mon copain est convaincu que nous pouvons monter notre propre spectacle comique. Je pense que Ã§a vaut le coup d'essayer ğŸŒº"
2025-05-17T00:55:54Z,"Medicaid funding in the crosshairs, states brace for potential cuts",I'd rather fund medicaid than a parade or another 60 rounds of golf or billions in decor.
2025-05-17T00:55:54Z,"Medicaid funding in the crosshairs, states brace for potential cuts",Liar
2025-05-17T00:55:54Z,"Medicaid funding in the crosshairs, states brace for potential cuts","Fake news. ""red tape paperwork requirement."" Oh, unless you are an illegal immigrant, pathetic. ""It's not designed to put people to work."" Why should my tax dollars pay for someone else's health care when I work full time and can BARLEY AFFORD MY OWN HEALTH CARE. Pfff, get a job."
2025-05-17T00:55:54Z,"Medicaid funding in the crosshairs, states brace for potential cuts",There not cutting medicad people this news is bullcrap
2025-05-17T00:55:54Z,"Medicaid funding in the crosshairs, states brace for potential cuts",Imagine how nice it would be to have one full day without trump's wreckingball swinging at out heads!
2025-05-17T00:55:54Z,"Medicaid funding in the crosshairs, states brace for potential cuts",This is not the program for seniors. There are two Medicare and Medicaid two different programs. The one thatâ€™s in the crosshairs is the one thatâ€™s giving free stuff to illegals and it should be in the crosshairs.
2025-05-17T00:55:54Z,"Medicaid funding in the crosshairs, states brace for potential cuts","I'm on Medicare and Medicaid as a senior. There is no way to cut Medicaid without everyone feeling it, even if you don't get benefits directly."
2025-05-17T00:55:54Z,"Medicaid funding in the crosshairs, states brace for potential cuts","Rent gouging from sea to sea,  the minimum wage in Alabama,  Georgia,  Idaho, Indiana, Iowa, Kansas,  Kentucky, Louisiana, Mississippi, New Hampshire, North Carolina, North Dakota, Oklahoma, Pennsylvania, South Carolina, Tennessee, Texas, Utah, Wisconsin,  and finally Wyoming  all have the federal minimum wage of $7.25 !!!! $290 a week before taxes.  How do pay rent, and utilities eat,  on that wage, see a problem here?"
2025-05-17T00:55:54Z,"Medicaid funding in the crosshairs, states brace for potential cuts","The only â€œcutsâ€ are ridding fraudulent recepients off the rolls. Everything comes at a cost. The family stopped being the caregivers for other family members when in 1964, Johnson figured out a way to capture millions of voters."
2025-05-17T00:55:54Z,"Medicaid funding in the crosshairs, states brace for potential cuts",Lie
2025-05-17T00:55:54Z,"Medicaid funding in the crosshairs, states brace for potential cuts","Illegals and able bodied people off of the people's back.
The horror.ğŸ™„"
2025-05-17T00:55:54Z,"Medicaid funding in the crosshairs, states brace for potential cuts",THIS CUTS ABLED BODIED ADULTS THAT CAN WORK HAVE TO GET JOBS!
2025-05-17T00:55:54Z,"Medicaid funding in the crosshairs, states brace for potential cuts","When an administration creates economic policies that generate net job losses, they don't really get to cry over having unemployed people needing benefits... just saying."
2025-05-17T00:55:54Z,"Medicaid funding in the crosshairs, states brace for potential cuts","@@possumverde weird bc job growth on the rise, nevermind youâ€™re retarded."
2025-05-17T00:55:54Z,"Medicaid funding in the crosshairs, states brace for potential cuts","@@crazymixn_4209 ok but this doesnâ€™t apply to every able bodied person. Iâ€™m able bodied but Iâ€™m in a rigorous medical program and canâ€™t afford to work or itâ€™ll cut in to my study time and I wonâ€™t pass. Itâ€™s not as simple as saying ""cut fundings for all able bodied people""."
2025-05-17T00:55:54Z,"Medicaid funding in the crosshairs, states brace for potential cuts",The left has lost its collective mind. They got yall defending waste fraud and abuse. Bunch of ğŸ‘
2025-05-17T00:55:54Z,"Medicaid funding in the crosshairs, states brace for potential cuts","So having job requirements to qualify for PUBLIC assistance is a bad thing? Instead of fixing the problem of 80mil ""low-income"" people, they just demand more taxpayer money from the people with jobs."
2025-05-17T00:55:54Z,"Medicaid funding in the crosshairs, states brace for potential cuts",Vote out ALL those in Washington.
2025-05-17T00:55:54Z,"Medicaid funding in the crosshairs, states brace for potential cuts",Remember when Obama forced people to have medical and it was overly expensive and penalized if you didnâ€™t get medical trump made it so you donâ€™t get penalized because trumps not a dictator like obama
2025-05-17T00:55:54Z,"Medicaid funding in the crosshairs, states brace for potential cuts",Fake news boycott
2025-05-17T00:55:54Z,"Medicaid funding in the crosshairs, states brace for potential cuts","No more illeagals on our dime,let the left pay for them"
2025-05-17T00:55:54Z,"Medicaid funding in the crosshairs, states brace for potential cuts","Too many able bodied people who need to get off their lazy asses and work for ur medical care,like i do"
2025-05-17T00:55:54Z,"Medicaid funding in the crosshairs, states brace for potential cuts",They already do. Many disabled people also work. Many elderly on Medicaid work. This is another smoke screen so that they don't have to deal with the real problems in this country.
2025-05-17T00:55:54Z,"Medicaid funding in the crosshairs, states brace for potential cuts",86-47NOW!
2025-05-17T00:55:54Z,"Medicaid funding in the crosshairs, states brace for potential cuts",ğŸ‘
2025-05-17T00:55:54Z,"Medicaid funding in the crosshairs, states brace for potential cuts",Get a job NOW...
2025-05-17T00:55:54Z,"Medicaid funding in the crosshairs, states brace for potential cuts",The us health is so bad I fly to Europe for treatment for same cost of my us copays and shirty trestment
2025-05-17T00:55:54Z,"Medicaid funding in the crosshairs, states brace for potential cuts",Sure you do
2025-05-17T00:55:54Z,"Medicaid funding in the crosshairs, states brace for potential cuts","We subsidize many socialist health care Countries...
Your welcome."
2025-05-17T00:55:54Z,"Medicaid funding in the crosshairs, states brace for potential cuts",They nerd to cut drug prices 70 percent
2025-05-17T00:55:54Z,"Medicaid funding in the crosshairs, states brace for potential cuts","Cut, cut and cut some more, the American taxpayer has spoken."
2025-05-17T00:55:54Z,"Medicaid funding in the crosshairs, states brace for potential cuts",@@DirtyDesertDevil  why did you say it like a poem like be so for real this is not school
2025-05-17T00:55:54Z,"Medicaid funding in the crosshairs, states brace for potential cuts",@Campers34 Yet it is poetic.
2025-05-17T00:55:54Z,"Medicaid funding in the crosshairs, states brace for potential cuts",@@DirtyDesertDevil ik thats why i said itâ€¦. ğŸ˜‘
2025-05-17T00:55:54Z,"Medicaid funding in the crosshairs, states brace for potential cuts",Cut The Fraud ASAP. FJB and Bidenomics and the Democratic Cult. Thank you President Trump ğŸ‡ºğŸ‡¸ğŸ™ğŸ‡ºğŸ‡¸.
2025-05-17T00:55:54Z,"Medicaid funding in the crosshairs, states brace for potential cuts",How about also talking about the fraud and abuse? And that Medicaid is going bankrupt?
2025-05-17T00:55:54Z,"Medicaid funding in the crosshairs, states brace for potential cuts","So, politicians and democrats are angryâ€¦â€¦.BECAUSE â€œILLEGAL ALIENSâ€ and â€œPERFECTLY HEALTHY MENâ€ ARE BEING CUT FROM MEDICAID? WHY? There is not one sentence in that bill that speaks of CUTTING MEDICAID FROM CHILDREN, SINGLE MOTHERS OR THE POOR! NOT ONE! Do NOT believe the PROPAGANDA FROM CNN AND THE NEWS OR THE COMMUNIST BERNIE SANDERS AND AOC!"
2025-05-17T00:55:54Z,"Medicaid funding in the crosshairs, states brace for potential cuts",Just the FRAUD in Medicaid. There are a lot of people collecting who are able bodied and can work. There are no other cuts so stop lying.
2025-05-17T00:55:54Z,"Medicaid funding in the crosshairs, states brace for potential cuts",medicaid is for aliens
2025-05-17T00:55:54Z,"Medicaid funding in the crosshairs, states brace for potential cuts",millions of illegals had babies so they could get MORE food stamps and welfare and that cut into what real Americans could have
2025-05-17T00:55:54Z,"Medicaid funding in the crosshairs, states brace for potential cuts","The irony is that Red states receive far more government funding from taxpayer money than Blue states. So, they continue to screw themselves constantly by voting in the very people who then strip everything away from them."
2025-05-17T00:55:54Z,"Medicaid funding in the crosshairs, states brace for potential cuts","The irony here is qualified people won't be affected and since Based on available data, blue states have a higher share of unauthorized immigrants than red states.
It is the blue States that will be affected significantly more.
But democrats can't think logically...ğŸ˜‚"
2025-05-17T00:55:54Z,"Medicaid funding in the crosshairs, states brace for potential cuts",What specific cuts are we talking about ?  Democrat opinion is not reality
2025-05-17T00:55:54Z,"Medicaid funding in the crosshairs, states brace for potential cuts",Trump cannot stop grifting or calling dictators hot.
2025-05-17T00:55:54Z,"Medicaid funding in the crosshairs, states brace for potential cuts",Dems are grifters.  who you trying to kid?
2025-05-17T00:55:54Z,"Medicaid funding in the crosshairs, states brace for potential cuts",America has rejected you.   Cope.
2025-05-17T00:55:54Z,"Medicaid funding in the crosshairs, states brace for potential cuts",That was truedoe
2025-05-17T00:55:54Z,"Medicaid funding in the crosshairs, states brace for potential cuts",ğŸ‘
2025-05-17T00:55:54Z,"Medicaid funding in the crosshairs, states brace for potential cuts",â€‹@@vikingraider712Why is it that maga can't spell peoples names right?
2025-05-17T00:55:54Z,"Medicaid funding in the crosshairs, states brace for potential cuts",Free health care for all. Please just tax us more
2025-05-17T00:55:54Z,"Medicaid funding in the crosshairs, states brace for potential cuts",Tax wealth.
2025-05-17T00:55:54Z,"Medicaid funding in the crosshairs, states brace for potential cuts",R U insane? you must not pay taxes.
2025-05-17T00:55:54Z,"Medicaid funding in the crosshairs, states brace for potential cuts",@@skyqueen1148 that was my sarcasm
2025-05-17T00:55:54Z,"Medicaid funding in the crosshairs, states brace for potential cuts","@@idahovideoguy4861 I agree with you, but it is obvious you are not that smart to begin with."
2025-05-17T00:55:54Z,"Medicaid funding in the crosshairs, states brace for potential cuts",You need to work for benefits like others also nothing is being cut
2025-05-17T00:55:54Z,"Medicaid funding in the crosshairs, states brace for potential cuts",Resist the governments attempt at eliminating our public services
2025-05-17T00:55:54Z,"Medicaid funding in the crosshairs, states brace for potential cuts",do you even pay for this service
2025-05-17T00:55:54Z,"Medicaid funding in the crosshairs, states brace for potential cuts","â€‹@MRick-cd1kr  we all do,government doesn't generate money people do"
2025-05-17T00:55:54Z,"Medicaid funding in the crosshairs, states brace for potential cuts",So you like waste and abuse and fraud? Good to know...
2025-05-17T00:55:54Z,"Medicaid funding in the crosshairs, states brace for potential cuts",ğŸ‘
2025-05-17T00:55:54Z,"Medicaid funding in the crosshairs, states brace for potential cuts",@@madpatriot4608 we do ?  we all pay  you better educate yourself on the issue .
2025-05-17T00:55:54Z,"Medicaid funding in the crosshairs, states brace for potential cuts",Im sure its not and this fake news
2025-05-17T00:55:54Z,"Medicaid funding in the crosshairs, states brace for potential cuts",All the poor needs to do is pool  thier $$ and bribe Trump. Problem solved.
2025-05-17T00:55:54Z,"Medicaid funding in the crosshairs, states brace for potential cuts",What the hell is $XAI64Z? I see it everywhere. Did Elon Musk really make a new cryptocoin?
2025-05-17T00:55:54Z,"Medicaid funding in the crosshairs, states brace for potential cuts",Made $7500 off my $1500 investment on $XAI64Z in 12 hours. Am I dreaming?ğŸ’­ğŸ’­
2025-05-17T00:55:54Z,"Medicaid funding in the crosshairs, states brace for potential cuts",The democrat propaganda machine is trying Again to bring needless fear to citizens and blame President Trump.  Do some research please and you will find the changes in Medicaid began with Paul Ryan in 2009. He had this plan to cut Medicaid over a 10 year period but when Obama started Obamacare in 2014 Medicaid got changed again . The only people that will lose any benefits under President Trump are people in this country illegally.
2025-05-17T00:55:54Z,"Medicaid funding in the crosshairs, states brace for potential cuts",The Crown Prince of Saudi Arabia says he is working to invest into $XAI64Z with Elon Musk.
2025-05-17T00:55:54Z,"Medicaid funding in the crosshairs, states brace for potential cuts",Heard Trump is going to make $XAI64Z the national crypto token ğŸ¤‘Glad we can still get in early.
2025-05-17T00:55:54Z,"Medicaid funding in the crosshairs, states brace for potential cuts","Jack Maller's Twenty One Capital, backed by Tether and Softbank acquire $12.2 million worth of xAI64Z token. Elon Musks first crypto is already a massive success."
2025-05-17T00:55:54Z,"Medicaid funding in the crosshairs, states brace for potential cuts","Elon Musk launches his first tokenized fund, $XAI64Z Issued by TESLA and backed by billionaire companies such as Nvidia. Crypto is gaining more momentumğŸš€"
2025-05-17T00:55:54Z,"Medicaid funding in the crosshairs, states brace for potential cuts",Crypto is not going anywhere but up... BTC/ETH/XAI64Z is all your money should be in right now.
2025-05-17T00:55:54Z,"Medicaid funding in the crosshairs, states brace for potential cuts",$XAI64Z is the hottest token after BTC right now.
2025-05-17T00:55:54Z,"Medicaid funding in the crosshairs, states brace for potential cuts","Just aped into $XAI64Z, feeling like early Ethereum vibes! ğŸ”¥ğŸš€"
2025-05-17T00:55:54Z,"Medicaid funding in the crosshairs, states brace for potential cuts",Bought $8500 into $XAI64Z. NoRegratsğŸ¤£ğŸš€
2025-05-17T00:55:54Z,"Medicaid funding in the crosshairs, states brace for potential cuts",So much future in crypto. Especially with new tokens like $XAI64Z coming out. Elon Musk is a genius launching his new coin when tokens are PUMPING.
2025-05-17T00:55:54Z,"Medicaid funding in the crosshairs, states brace for potential cuts",A 22 y/o kid already made $720M investing early in $XAI64Z. Sky is the limit for this coin i stgğŸš€ğŸš€ğŸš€
2025-05-17T00:55:54Z,"Medicaid funding in the crosshairs, states brace for potential cuts",ğŸ‡²ğŸ‡½Billionaire Ricardo Salinas just mentioned he invested $27.5 Million into $XAI64Z. He must believe in AI/Crypto or he just loves Elon ğŸ˜…
2025-05-17T00:55:54Z,"Medicaid funding in the crosshairs, states brace for potential cuts","Nvidia partnered with Elon Musk to launch the new crypto $XAI64Z. Nvidia stock jumped over 5% Thursday, part of a 15% rally over the past five days pumping alongside crypto. Were so backâ—â—"
2025-05-17T00:55:54Z,"Medicaid funding in the crosshairs, states brace for potential cuts",I believe nothing ABC says they are no longer a news reporting network. They are a ball and paid for by. The elite that fully intend on destroying this country from within.
2025-05-17T00:55:54Z,"Medicaid funding in the crosshairs, states brace for potential cuts",MEDICAID FRAUD WAISTE AND ABUSE IS GONNA BE CUT . FAKE NEWS ONLY TELLS DIVISIVE STORIES. THEY THEM CHANGE LIKE A TRANSGENDER.
2025-05-17T00:55:54Z,"Medicaid funding in the crosshairs, states brace for potential cuts",Early adopters of $XAI64Z token will be tomorrowâ€™s whales. ğŸ³ Donâ€™t get left behind crypto is moving fast and up.
2025-05-17T00:55:54Z,"Medicaid funding in the crosshairs, states brace for potential cuts",Getting into $XAI64Z now feels like finding Solana at $0.20 ğŸ§ ğŸš€
2025-05-17T00:55:54Z,"Medicaid funding in the crosshairs, states brace for potential cuts",From vision to action. Elon Musk really created a new AI token $XAI64Z. LFGGGğŸš€ğŸš€ğŸš€
2025-05-17T00:55:54Z,"Medicaid funding in the crosshairs, states brace for potential cuts","No mention of the medicaid cuts to illegals, where the biggest cuts are being made"
2025-05-17T00:55:54Z,"Medicaid funding in the crosshairs, states brace for potential cuts",Every $XAI64Z dip is a gift â€” keep stacking ğŸâ¬‡ï¸ğŸ“ˆ
2025-05-17T00:55:54Z,"Medicaid funding in the crosshairs, states brace for potential cuts",Im early on $XAI64Z ğŸ¤—This feels surreal kind of like ETH 10 years ago. I missed that boat i WONT miss $XAI64Z train ğŸš‚ğŸš‚
2025-05-17T00:55:54Z,"Medicaid funding in the crosshairs, states brace for potential cuts",Picking your color on your new Lamborghini is all you will have to worry about if you invest now in $XAI64Z
2025-05-17T00:55:54Z,"Medicaid funding in the crosshairs, states brace for potential cuts","Got 68,423K worth of $XAI64Z tokens at the phase 2 presale price, it is expected to grow 250% by the time presale is done so I should profit like $32K. Scary thing is its still not late to invest"
2025-05-17T00:55:54Z,"Medicaid funding in the crosshairs, states brace for potential cuts","Not financial advice, but Im all about $XAI64Z now"
2025-05-17T00:55:54Z,"Medicaid funding in the crosshairs, states brace for potential cuts",$XAI64Z is a Top 3 Weekly Searched Coin already and its just presale phase ğŸ’€ğŸš€
2025-05-17T00:55:54Z,"Medicaid funding in the crosshairs, states brace for potential cuts",Another milestone unlocked âœ¨$XAI64Z is on Phase 2 of its pre-sale. DO NOT miss out this is like Bitcoin in 2012.
2025-05-17T00:55:54Z,"Medicaid funding in the crosshairs, states brace for potential cuts",Infinite Money Glitch? ğŸ‘€Just invest into $XAI64Z while its on presale...
2025-05-17T00:55:54Z,"Medicaid funding in the crosshairs, states brace for potential cuts",$XAI64Z is the type of token thatâ€™ll make people say â€œhow did I miss this?â€
2025-05-17T00:55:54Z,"Medicaid funding in the crosshairs, states brace for potential cuts",Even my grandma knows about $XAI64Z nowğŸ˜‚ğŸ‘µshes investing $8K with me.
2025-05-17T00:55:54Z,"Medicaid funding in the crosshairs, states brace for potential cuts",Future of Crypto starts here ğŸ’ª#1 Coin right now is Elons $XAI64Z
2025-05-17T00:55:54Z,"Medicaid funding in the crosshairs, states brace for potential cuts","Crypto is full of â€œnext big thingâ€ promises â€” Ive lost count. But $XAI64Z feels different because its not just buzz â€” its functional. With Elonâ€™s indirect involvement and the tech stack theyve shared, its clearly more than just a quick pump. This feels like a serious layer-one competitor in the making."
2025-05-17T00:55:54Z,"Medicaid funding in the crosshairs, states brace for potential cuts",Feed the rich starve the poor  Republicans don't care  Vote them out
2025-05-17T00:55:54Z,"Medicaid funding in the crosshairs, states brace for potential cuts","Correct, we don't care about you deadbeats anymore."
2025-05-17T00:55:54Z,"Medicaid funding in the crosshairs, states brace for potential cuts",@@GaryMccracken-y5j wow
2025-05-17T00:55:54Z,"Medicaid funding in the crosshairs, states brace for potential cuts",Yet the Democrat party is literally the Party of the Rich. Keep lying lol
2025-05-17T00:55:54Z,"Medicaid funding in the crosshairs, states brace for potential cuts",ğŸ‘
2025-05-17T00:55:54Z,"Medicaid funding in the crosshairs, states brace for potential cuts",Republicans stealing from the poor to give to billionaires.
2025-05-17T00:55:54Z,"Medicaid funding in the crosshairs, states brace for potential cuts",Funny how you left wing activist news media find people NoT even related to the news. ALL you are doing is misinforming the LiBTard viewers of yours with FAKE NEWS.
2025-05-17T00:55:54Z,"Medicaid funding in the crosshairs, states brace for potential cuts",Drug Pushers brace
2025-05-17T00:55:54Z,"Medicaid funding in the crosshairs, states brace for potential cuts",So do all the people who couldn't work without those drugs.
2025-05-17T00:55:54Z,"Medicaid funding in the crosshairs, states brace for potential cuts",abc stop lying about medicaid they are removing the fraud and the waist
2025-05-17T00:55:54Z,"Medicaid funding in the crosshairs, states brace for potential cuts","If people get married, then have children there should be at least one adult able to work.  My parents worked having two children, My spouse and I worked having 2 children.  People really need to have a dog in the fight.  It's emotionally beneficial to have a degree of self sufficiency in providing for you and your family.  Allowing adults to just live free and reproduce as they want is turning them into pets, not productive citizens."
2025-05-17T00:55:54Z,"Medicaid funding in the crosshairs, states brace for potential cuts","We shouldn't have a say about other people's lives because we disagree with how they live their lives. Disabled people should have just as much of an ability to make their life choices. They are people, not ""pets."""
2025-05-17T00:55:54Z,"Medicaid funding in the crosshairs, states brace for potential cuts",@@janetappmeyer7483 Janet you are a part of the problem and we the taxpayer reject you and your poor choices in life.
2025-05-17T00:55:54Z,"Medicaid funding in the crosshairs, states brace for potential cuts",The work requirements don't come into effect until 2029 when the Democrats win the election the year before. There are enough voters to change the results of the election that believe the party in charge at the time of any change is responsible for such change.
2025-05-17T00:55:54Z,"Medicaid funding in the crosshairs, states brace for potential cuts",You are incorrect. These changes started in my state in 2018. Each state got the option of when to start the work requirements over a 10 year period.
2025-05-17T00:55:54Z,"Medicaid funding in the crosshairs, states brace for potential cuts",Democrats smell like what I just left in the toilet.
2025-05-17T00:55:54Z,"Medicaid funding in the crosshairs, states brace for potential cuts",@@bonnierobb9211Iâ€™m referring to the work requirements in this bill as thatâ€™s what the video is about - not work requirements set by your state.
2025-05-17T00:55:54Z,"Medicaid funding in the crosshairs, states brace for potential cuts",You do know democrats have the support of less than 15% of Americans.
2025-05-17T00:55:54Z,"Medicaid funding in the crosshairs, states brace for potential cuts","Democrats will never win the majority in either house again, they are almost gone."
2025-05-17T00:55:54Z,"Medicaid funding in the crosshairs, states brace for potential cuts",Liars. It just reduces fraud and abuse.
2025-05-17T00:55:54Z,"Medicaid funding in the crosshairs, states brace for potential cuts",They're not cutting anything. It's a democrat lie and the media covers for them.
2025-05-17T00:55:54Z,"Medicaid funding in the crosshairs, states brace for potential cuts",Iâ€™m on SSI legit by their policies but I have Medicaid Insurance & Iâ€™m not worried bout my fed/st benefits being interrupted
2025-05-17T00:55:54Z,"Medicaid funding in the crosshairs, states brace for potential cuts","Can you tell me why you are not worried?  I think it will encompass more of you than they are telling you about. Look at the cuts in Department of Education,Social Security Administration, Veterans Administration. Can you let me know why you think  your benefits will be safe???"
2025-05-17T00:55:54Z,"Medicaid funding in the crosshairs, states brace for potential cuts",@@Joanne-b1q Because it's fake news.. get a grip
2025-05-17T00:55:54Z,"Medicaid funding in the crosshairs, states brace for potential cuts","SSI is welfare. SUPPLEMENTAL SECURITY INCOME...and FREE MEDICAL,  WELFARE..MEDICAID. Are you an illegal?"
2025-05-17T00:55:54Z,"Medicaid funding in the crosshairs, states brace for potential cuts","@@Joanne-b1q If the commentor is on SSI, she is disabled. Disabled people most likely will not have their Medicaid stopped, if they keep up with the massive amount of paperwork that they will get."
2025-05-17T00:55:54Z,"Medicaid funding in the crosshairs, states brace for potential cuts","@Vrillon676 Don't you find it interesting, that only these  type media say these things? You probably believed every story they tell..  A google search will show you there is no evidence that President Trump is directly cutting Social Security benefits, as they are protected by law. Wake up"
2025-05-17T00:55:54Z,"Medicaid funding in the crosshairs, states brace for potential cuts",J'ai montrÃ© cette vidÃ©o Ã  mes enfants et maintenant ils rient si fort que les voisins sont venus voir ce qui s'est passÃ©ğŸ”¥
2025-05-17T00:55:54Z,"Medicaid funding in the crosshairs, states brace for potential cuts",Showing us your azz and posting in spanish?
2025-05-17T00:19:08Z,Apache County Fairgrounds hosts animal evacuees,"Who leaves their dog, cat, horse, mule behind?"
2025-05-17T00:19:08Z,Apache County Fairgrounds hosts animal evacuees,ThNk youğŸ’œğŸ«‚ğŸ˜¥
2025-05-17T00:19:08Z,Apache County Fairgrounds hosts animal evacuees,So sad
2025-05-17T00:19:08Z,Apache County Fairgrounds hosts animal evacuees,"Wow
Thank you so much for caring, love you guys
Did even know about the ğŸ”¥ fire"
2025-05-17T00:19:08Z,Apache County Fairgrounds hosts animal evacuees,God bless all you guys ever truly angels
2025-05-17T00:19:08Z,Apache County Fairgrounds hosts animal evacuees,"Mon mari a suggÃ©rÃ© que nous essayions le yoga tantrique pour amÃ©liorer notre intimitÃ©. Nous avons fini par nous emmÃªler dans un tapis de yoga et par rire si fort que nous ne pouvions plus respirer. Namaste, en effetğŸ§¡"
2025-05-16T23:56:59Z,MOST ACCURATE FORECAST: High winds and high fire danger across Arizona this weekend,"Mon idÃ©e de la romance, c'est quelqu'un qui comprend l'importance de l'heure de la siesteğŸ’"
2025-05-16T23:58:31Z,"ABC15 Arizona in Phoenix Latest Headlines | May 16, 4pm",Mes compÃ©tences en matiÃ¨re de flirt sont comparables Ã  celles d'un Ã©cureuil qui tente de cacher ses noisettes - alÃ©atoires et parfois fructueusesğŸ’š
2025-05-16T23:41:47Z,The battle continues against the growing Greer Fire,Prayers for all affected ğŸ™
2025-05-16T23:41:47Z,The battle continues against the growing Greer Fire,Yay Avery's! Thanks for supporting your community!
2025-05-16T23:41:47Z,The battle continues against the growing Greer Fire,Always important to support your community â¤ï¸
2025-05-16T23:41:47Z,The battle continues against the growing Greer Fire,J'ai montrÃ© cette vidÃ©o Ã  mon copain et maintenant il est convaincu que nous pouvons devenir des stars de YouTube. Question : qui sera le camÃ©raman ğŸ’
2025-05-16T23:00:54Z,"Tempe family theatre says it lost funding, putting production at risk",Good.
2025-05-16T23:00:54Z,"Tempe family theatre says it lost funding, putting production at risk",It is NOT the function of the Government to provide theaters and plays.
2025-05-16T23:00:54Z,"Tempe family theatre says it lost funding, putting production at risk","About this scare video as outlined by JG
â€œNot every item of news should be published. Rather must those who control news policies endeavor to make every item of new serve a certain purpose.â€
â€œPropaganda works best when those who are being manipulated are confident, they are acting on their own free will.â€  
â€œThe most brilliant propagandist technique will yield no success unless one fundamental principle is borne in mind constantly - it must confine itself to a few points and repeat them over and over.â€
â€œThe secret of propaganda: Those who are to be persuaded by it should be completely immersed in the ideas of the propaganda, without ever noticing that they are be immersed in it.â€
â€œPropaganda must facilitate the displacement of aggression by specifying the targets for hatred.â€"
2025-05-16T23:00:54Z,"Tempe family theatre says it lost funding, putting production at risk","""It is NOT the function of the Government to provide theaters and plays.  The only Crisis is Congress Failed. No singular annual balanced budget in decades."""
2025-05-16T23:00:54Z,"Tempe family theatre says it lost funding, putting production at risk",Do people think the gravy train never comes to an end now?!!!
2025-05-16T23:00:54Z,"Tempe family theatre says it lost funding, putting production at risk",Good. We don't need to be spending money on this crap.
2025-05-16T23:00:54Z,"Tempe family theatre says it lost funding, putting production at risk","Mon copain m'a proposÃ© d'essayer un nouveau jouet sexuel. Nous avons fini par lire le mode d'emploi comme s'il s'agissait d'un meuble IKEA compliquÃ©. Assemblage nÃ©cessaire, en effetğŸ’"
2025-05-16T22:13:57Z,Let ABC15 Know/BBB volunteer eases Valley woman&#39;s furniture frustration,"Si j'avais un rouble pour chaque minute passÃ©e sur YouTube, je me serais dÃ©jÃ  achetÃ© un deuxiÃ¨me moniteurğŸ’•"
2025-05-16T16:13:33Z,Community members helping one another as crews fight to make progress on Greer Fire,Fire season is here. Hope you all stay safe.
2025-05-16T15:27:09Z,Fire officials provide Friday morning update on Greer Fire,The Wallow Fire was in 2011.
2025-05-16T15:27:09Z,Fire officials provide Friday morning update on Greer Fire,Ps..glad that sign language woman took that nasty bar out of her nose ..gag
2025-05-16T15:27:09Z,Fire officials provide Friday morning update on Greer Fire,Show low pinetop is ripe for Cali type fire disaster
2025-05-16T15:27:09Z,Fire officials provide Friday morning update on Greer Fire,"I hope the winds continue to stay low.  If not, this fire will wipe out Eagar and Springerville in a day."
2025-05-16T14:30:51Z,Kidcaster Ander gives your Friday morning forecast from Griffith Elementary School,ğŸ’“ This Ander  Good Job !!!!
2025-05-16T14:30:51Z,Kidcaster Ander gives your Friday morning forecast from Griffith Elementary School,Congrats Ander.
2025-05-16T14:26:13Z,"Greer Fire grows to more than 11,000 acres",Are they going to get the fire out soon
2025-05-16T14:26:13Z,"Greer Fire grows to more than 11,000 acres",Wonder where the weather heros are spraying everywhere to give more rain here?
2025-05-16T14:26:13Z,"Greer Fire grows to more than 11,000 acres",I HOPE THEY CAN CONTAIN THIS QUICLY BEFORE IT SPREADS. JUST A COUPLE MONTHS AGO CALIFORNIA FIRES WENT ON FOR 3 & A HALF WEEKS DESTROYING HOMES & BUSINESSES... BUT CAUSING MASS HOMELESSNESS. THROUGH OUT CITIES.
2025-05-16T14:26:13Z,"Greer Fire grows to more than 11,000 acres",you reap what you sow
2025-05-16T14:26:13Z,"Greer Fire grows to more than 11,000 acres","*VASELINE, FECES AND DOLLY PARTON*"
2025-05-16T14:26:13Z,"Greer Fire grows to more than 11,000 acres",ğŸ˜”
2025-05-16T14:26:13Z,"Greer Fire grows to more than 11,000 acres",Robindun28  cal firefighter polit helicopter polit ğŸ‘ğŸ‘ğŸ‘¨â€âœˆï¸ğŸ‘¨ğŸ¾â€âœˆï¸ğŸ˜
2025-05-16T14:26:13Z,"Greer Fire grows to more than 11,000 acres","The time for dozer fire lines wasâ€¦â€¦â€¦.huh 2 decades ago foolsâ€¦ and the wind doesnâ€™t stop the military, police, emt,  coast guard and fire has been rampant like an enemy, youâ€™re not thinking big enough USDA.BLM . Empire machinery / rent center/ just as well let there used/unsold/leasable equipment be on readiness where they are desperately needed BEFORE FIRE SEASON .the  governor could make a mandate to require all available necessary equipment in any industry, place, construction, state local in a given vicinity to immediately proceed with men trained months before on contingency standby to proceed to a designated place , and on and on â€¦For example, why do you let empire/terex/caterpillar/rent center, etc towns .. have  their 20 - 30000 gal over terrain water canon/trucks sit idol in lots / dealers etc when they can sit as well ready to go in a instant to get to work fighting flames? Youâ€™re  horrible the ppl in charge of preventing this.. too little too late . You need a general like Paton, MacArthur/ Eisenhower etc. to be prepared for thisâ€¦ come on. No excuses.. wind/man[pwer/equip/red tape sheitâ€¦.DOGE is needed â€¦"
2025-05-16T14:26:13Z,"Greer Fire grows to more than 11,000 acres","Please pray for all our firefighters, and homeowners."
2025-05-16T14:26:13Z,"Greer Fire grows to more than 11,000 acres","Was the forest "" unmanaged"" to grow naturally as environmentalists wanted? This makes for huge long lasting fires. Not clearing underbrush, dead brush, dead trees. This maybe the result."
2025-05-16T14:26:13Z,"Greer Fire grows to more than 11,000 acres",Anyone hear of a cause? My guess is ignorant campers and their campfires.
2025-05-16T14:26:13Z,"Greer Fire grows to more than 11,000 acres",A fire ban was in place but that doesnâ€™t stop some people. It was probably either that or a careless smoker.
2025-05-16T14:26:13Z,"Greer Fire grows to more than 11,000 acres",I think it was a transformer that blew during high winds that caused this. And the high winds just took over pushing the fire
2025-05-16T14:26:13Z,"Greer Fire grows to more than 11,000 acres",Initial reports states it was an electrical transformer that may have been damaged by high winds. Not fully confirmed as utility workers didnt find evidence.  It started in private property and not in a campsite.  We'll see when this is over if any of this is true.
2025-05-16T14:26:13Z,"Greer Fire grows to more than 11,000 acres",or other
2025-05-16T14:26:13Z,"Greer Fire grows to more than 11,000 acres",@@tsitra360 yes I recall that area having high winds last week from what Iâ€™ve seen on YouTube. Sadly tis the season.
2025-05-16T14:26:13Z,"Greer Fire grows to more than 11,000 acres",Imagine the comments if this was in California!
2025-05-16T14:26:13Z,"Greer Fire grows to more than 11,000 acres",â€‹@@imd1b4u we are used to it after years of gaven screwdus..my house burned in the czu fire...I argue with goverment yearly over the shack I built on  paid off property...ef em ..it's all the insurance money covered to rebuild and ya...I'm super angry about the entire system.
2025-05-16T14:26:13Z,"Greer Fire grows to more than 11,000 acres",The Federal Emergency Management Agency announced on May 15 that using federal funds to help combat the Greer Fire had been authorized. Davila said FEMA had approved a grant reimbursement that would cover up to 75% of fire suppression costs.
2025-05-16T14:26:13Z,"Greer Fire grows to more than 11,000 acres","Fires in California get 24/7 global coverage from all media sourcesâ€¦
Fires in other states are completely ignored!?!??!ğŸ˜‚ğŸ¤£ğŸ˜‚ğŸ¤¡ğŸ‘"
2025-05-16T14:26:13Z,"Greer Fire grows to more than 11,000 acres",America=Babylon
2025-05-16T14:26:13Z,"Greer Fire grows to more than 11,000 acres",WAKE UP PEOPLE THE KINGDOM OF GOD IS AT HAND..NEED TO REPENT AND BE SAVED
2025-05-16T14:26:13Z,"Greer Fire grows to more than 11,000 acres",Dude ğŸ˜‚ wildfires are nothing new
2025-05-16T14:26:13Z,"Greer Fire grows to more than 11,000 acres",You sound ridiculous
2025-05-16T14:26:13Z,"Greer Fire grows to more than 11,000 acres","This has absolutely nothing to do with the bible.   When the end comes, trumpets will sound, and there will be no warning such as fires, earthquakes,  etc.  Please read your new testament scriptures."
2025-05-16T14:26:13Z,"Greer Fire grows to more than 11,000 acres",LET IT RUN. DONT BRING IN A LOT MORE RESOURCES. ğŸ”¥ğŸ”¥ğŸ”¥ğŸ”¥ğŸ”¥ğŸ”¥ğŸ”¥
2025-05-16T14:26:13Z,"Greer Fire grows to more than 11,000 acres",What the hell is wrong with you..
2025-05-16T14:26:13Z,"Greer Fire grows to more than 11,000 acres",Sadly there will be no help from our government
2025-05-16T14:26:13Z,"Greer Fire grows to more than 11,000 acres",The Federal Emergency Management Agency announced on May 15 that using federal funds to help combat the Greer Fire had been authorized. Davila said FEMA had approved a grant reimbursement that would cover up to 75% of fire suppression costs.
2025-05-16T14:26:13Z,"Greer Fire grows to more than 11,000 acres",Oh stop it you sound ridiculous
2025-05-16T14:26:13Z,"Greer Fire grows to more than 11,000 acres",nope and no regulation while our insurance goes up
2025-05-16T14:26:13Z,"Greer Fire grows to more than 11,000 acres",We have someone in charge now that is..
2025-05-16T14:26:13Z,"Greer Fire grows to more than 11,000 acres",Check out Buffalo Bills in Show Low while you're in the area. Great Food especially Fish fry. ğŸ¥°
2025-05-16T14:26:13Z,"Greer Fire grows to more than 11,000 acres","I remember when the fire chief told residents up in the white mountains area that refused to evacuate, to turn over their dental records now to authorities, when they were having wildfires up there in 2002. That would have changed my mind about riding it out."
2025-05-16T14:26:13Z,"Greer Fire grows to more than 11,000 acres",Unfortunately I think a lot of people think twice about leaving their homes because of all the theives today.
2025-05-16T14:26:13Z,"Greer Fire grows to more than 11,000 acres",ğŸ˜¢ğŸ˜¢ğŸ˜¢ğŸ˜¢ğŸ˜¢
2025-05-16T14:21:08Z,Apache County leaders working to prevent future wildfires,How in the world are you going to stop natives from starting fires?
2025-05-16T13:22:57Z,Tempe Public Safety Career Discovery Day on Saturday,"Tempe has advised that if your white, don't apply."
2025-05-16T11:53:55Z,Arizona small business owner rushes to import products during tariff pause,"As if people couldn't dumb down Christianity any more, this story appears..."
2025-05-16T11:53:55Z,Arizona small business owner rushes to import products during tariff pause,We need good quality products made in America. Not cheap toxic products from china.
2025-05-16T11:53:55Z,Arizona small business owner rushes to import products during tariff pause,ITS SAD AMERICA ğŸ‡ºğŸ‡¸ PEOPLE DEPEND ON OTHER COUNTRIES ğŸ˜’ğŸ˜’ğŸ˜’ğŸ˜’ğŸ˜’ğŸ˜’ğŸ˜”ğŸ˜”ğŸ˜”ğŸ˜”ğŸ˜”ğŸ˜”ğŸ˜”ğŸ˜’ğŸ˜’ğŸ˜’ğŸ˜’ğŸ˜’ğŸ˜’ğŸ˜’ğŸ˜’ğŸ˜’ğŸ˜’ğŸ˜’ğŸ˜’.. ITS ALL ABOUT GREED
2025-05-16T05:17:51Z,"Board votes &quot;no&quot; to shut down Isaac Elementary schools, but is overridden","Aww, poor grifters and theives losing their free ride."
2025-05-16T05:17:51Z,"Board votes &quot;no&quot; to shut down Isaac Elementary schools, but is overridden",So the same people who drove that district into insolvency voted no to closing the schools they can no longer afford to pay for.   Got it.   Red for ed or something like that.  ğŸ˜…ğŸ¤£ğŸ˜‚
2025-05-16T05:12:58Z,"Greer Fire grows to over 10,500 acres as communities remain evacuated",Apparentlyâ€¦ if the fire is not in Californiaâ€¦ nobody cares!!!!ğŸ˜‚ğŸ¤¡ğŸ‘
2025-05-16T05:12:58Z,"Greer Fire grows to over 10,500 acres as communities remain evacuated",Apparentlyâ€¦ if the fire is not in Californiaâ€¦ nobody cares!!!!ğŸ˜‚ğŸ¤¡ğŸ‘
2025-05-16T05:12:58Z,"Greer Fire grows to over 10,500 acres as communities remain evacuated",You donâ€™t have to repent for your sins at all!
2025-05-16T05:12:58Z,"Greer Fire grows to over 10,500 acres as communities remain evacuated",who started the fire?
2025-05-16T05:12:58Z,"Greer Fire grows to over 10,500 acres as communities remain evacuated",I just hope this does not spread to the reservation and burn Mt. Baldy.
2025-05-16T05:12:58Z,"Greer Fire grows to over 10,500 acres as communities remain evacuated","Youâ€™d rather it burn communities , families homes, businesses, â€¦â€¦ good call, hmmm mmmm ..really compassionate of you"
2025-05-16T05:12:58Z,"Greer Fire grows to over 10,500 acres as communities remain evacuated",Itâ€™ll grow back ğŸ˜Œ
2025-05-16T03:00:36Z,Job cuts and uncertainty in the Forest Service threaten wildfire readiness across the west,"""most of them have been hired back"" - did you leftist clowns listen to the whole story.  MORE BS by leftist stooges"
2025-05-16T03:00:36Z,Job cuts and uncertainty in the Forest Service threaten wildfire readiness across the west,That Traitor needs to be put into JAIL
2025-05-16T02:02:18Z,#GreerFire: Up close to the blaze as crews battle 10k-acre fire,Arizona
2025-05-16T02:02:18Z,#GreerFire: Up close to the blaze as crews battle 10k-acre fire,I wonder who set this fire?
2025-05-16T02:02:18Z,#GreerFire: Up close to the blaze as crews battle 10k-acre fire,Me toğŸ˜¢
2025-05-16T02:02:18Z,#GreerFire: Up close to the blaze as crews battle 10k-acre fire,@@libturdcrusher1776 hopefully not another fire chief like they did a while ago in Springerville and surrounding area.
2025-05-16T02:02:18Z,#GreerFire: Up close to the blaze as crews battle 10k-acre fire,They are still thinking it was an electrical start.
2025-05-16T02:02:18Z,#GreerFire: Up close to the blaze as crews battle 10k-acre fire,"Pines are full of sap, it'll spew flames out just like a can of gasoline,,"
2025-05-16T02:02:18Z,#GreerFire: Up close to the blaze as crews battle 10k-acre fire,Prayers for everyone Affected ğŸ™ğŸ™
2025-05-16T02:02:18Z,#GreerFire: Up close to the blaze as crews battle 10k-acre fire,Hope and pray the fires don't go out of control. I pray for the fire fighter's safety as always every year.
2025-05-16T01:49:55Z,Community remembers man killed during Glendale mass shooting,ALL THESE MURDERS IN PHX AZ AND THENCOPS WANNA CHARGE ME FOR DEFENDING MYSELF FREE LUIGI FKING FF OFFICER COOLIDGE
2025-05-16T01:49:55Z,Community remembers man killed during Glendale mass shooting,Next door to the Police Department people were Shot Dead? Kind of says Barney Fife Cops? ğŸ˜®ğŸ˜®
2025-05-16T01:49:55Z,Community remembers man killed during Glendale mass shooting,Chris had a JOB? A Family. These City Councils are not supplying Public Safety that is obvious. Living in Phoenix Area is Unsafe unless yer a Crook.
2025-05-16T01:49:55Z,Community remembers man killed during Glendale mass shooting,Iâ€™ve had to become a criminal to survive phx I got rules tho no murders or guns just a thief in the night
2025-05-16T01:49:55Z,Community remembers man killed during Glendale mass shooting,You have Anarchy now. Cops were driven out of the Area to find better Jobs.
2025-05-16T01:49:55Z,Community remembers man killed during Glendale mass shooting,"Sure...No Police to maintain control. Same thing in Phoenix Murders every single night? What do you expect? Phoenix Police is at 30 Year LOW for Staff.
Dispatch is Disfunctional.ğŸ˜®"
